{
  "file_path": "/Users/maxvandenboom/Docs/Coding/AI/ProfileTensor/data/2309SPP_0001_A1.mzML",
  "file_size_bytes": 214319087,
  "parser_backend": "xml.etree.ElementTree",
  "mzml_id": "20230814_2309SPP_0001_A1",
  "mzml_version": "1.1.0",
  "run_id": "_x0032_0230814_2309SPP_0001_A1",
  "start_timestamp": "2023-08-14T11:45:22Z",
  "cv_count": 2,
  "software_count": 2,
  "instrument_count": 1,
  "data_processing_count": 1,
  "total_spectra": 9349,
  "spectra_sampled": 9349,
  "ms_level_distribution": {
    "1": 8756,
    "2": 593
  },
  "centroid_count": 0,
  "profile_count": 9349,
  "tic_range": [
    1062.0,
    3879436.0
  ],
  "base_peak_mz_range": [
    30.037115156375,
    740.490279890952
  ],
  "base_peak_intensity_range": [
    267.0,
    554808.0
  ],
  "rt_range": [
    0.075,
    899.74699999998
  ],
  "compression_counts": {
    "zlib": 18698
  },
  "bit_depth_counts": {
    "64": 18698
  },
  "parse_duration_sec": 0.7997119426727295
}